year,portfolio_return,benchmark_return,risk_contribution,gold_contribution,defensive_contribution,fee_drag,max_drawdown
2019,0.03367670691324798,0.0674634329760253,0.03351231979640474,-8.275015267349486e-05,0.0,0.0,-0.017705179050731767
2020,0.1590509055895084,0.25505455969439184,0.12813075573827437,0.02929343160818223,0.0017476832366911889,0.0,-0.06945989582440992
2021,0.04437825116491623,-0.06214170918033213,0.057547730181469095,-0.009630960807719482,0.005524866775730454,0.0,-0.07507728393715174
2022,0.006062794588151066,-0.21272488620338714,-0.012529993870835105,0.01931763747209498,0.004237765176052011,0.0,-0.06581396516748172
2023,0.061609589812028576,-0.11748993479511682,0.026200246913304977,0.03165306350213073,0.004754721456459788,0.0,-0.024381096858405282
2024,0.06587227457904254,0.1619911338218829,0.012377055506529467,0.05048833813983296,0.004435187363329463,0.0,-0.03686261604217267
2025,0.2184518903355397,0.21190086365415106,0.10097794645142362,0.09364391011675491,0.0030330416158149466,0.0,-0.055110748604330406
